{"cameraMode":{"drawMode":0,"name":"Shaded","section":"Shading Mode"},"sceneLighting":true,"audioPlay":false,"sceneViewState":{"m_AlwaysRefresh":false,"showFog":true,"showSkybox":true,"showFlares":true,"showImageEffects":true,"showParticleSystems":true,"showVisualEffectGraphs":true,"m_FxEnabled":true},"in2DMode":false,"pivot":{"x":-3.8183493614196779,"y":-0.11677995324134827,"z":4.158023834228516},"rotation":{"x":0.015676019713282586,"y":0.7261636853218079,"z":-0.016567176207900049,"w":0.6871505379676819},"size":1.6124672889709473,"orthographic":false}